{
  "credit": "Made with Blockbench",
  "textures": {
    "0": "tfc:item/ore/normal_sphalerite",
    "particle": "tfc:item/ore/normal_sphalerite",
    "alert": "tfc:block/alert_ore_sphalerite"
  },
  "elements": [
    {
      "from": [
        7,
        0,
        7
      ],
      "to": [
        10,
        1,
        9
      ],
      "faces": {
        "north": {
          "uv": [
            5,
            14,
            8,
            15
          ],
          "texture": "#0"
        },
        "east": {
          "uv": [
            4,
            8,
            6,
            9
          ],
          "texture": "#0"
        },
        "south": {
          "uv": [
            6,
            10,
            9,
            11
          ],
          "texture": "#0"
        },
        "west": {
          "uv": [
            5,
            6,
            7,
            7
          ],
          "texture": "#0"
        },
        "up": {
          "uv": [
            3,
            12,
            6,
            14
          ],
          "texture": "#0"
        },
        "down": {
          "uv": [
            3,
            5,
            6,
            7
          ],
          "texture": "#0",
          "cullface": "down"
        }
      }
    },
    {
      "from": [
        7,
        1,
        7
      ],
      "to": [
        9,
        2,
        8
      ],
      "faces": {
        "north": {
          "uv": [
            4,
            12,
            6,
            13
          ],
          "texture": "#0"
        },
        "east": {
          "uv": [
            4,
            8,
            5,
            9
          ],
          "texture": "#0"
        },
        "south": {
          "uv": [
            6,
            7,
            8,
            8
          ],
          "texture": "#0"
        },
        "west": {
          "uv": [
            5,
            6,
            6,
            7
          ],
          "texture": "#0"
        },
        "up": {
          "uv": [
            6,
            7,
            8,
            8
          ],
          "texture": "#0"
        }
      }
    },
    {
      "from": [
        6,
        0,
        7
      ],
      "to": [
        7,
        1,
        8
      ],
      "faces": {
        "north": {
          "uv": [
            5,
            7,
            6,
            8
          ],
          "texture": "#0"
        },
        "south": {
          "uv": [
            6,
            7,
            7,
            8
          ],
          "texture": "#0"
        },
        "west": {
          "uv": [
            4,
            5,
            5,
            6
          ],
          "texture": "#0"
        },
        "up": {
          "uv": [
            4,
            7,
            5,
            8
          ],
          "texture": "#0"
        },
        "down": {
          "uv": [
            5,
            7,
            6,
            8
          ],
          "texture": "#0",
          "cullface": "down"
        }
      }
    },
    {
      "name": "alert",
      "from": [
        7,
        7,
        7
      ],
      "to": [
        9,
        9,
        9
      ],
      "shade": false,
      "rotation": {
        "angle": 0,
        "axis": "y",
        "origin": [
          15,
          23,
          15
        ]
      },
      "faces": {
        "north": {
          "uv": [
            2,
            0,
            4,
            2
          ],
          "texture": "#alert",
          "cullface": "up"
        },
        "east": {
          "uv": [
            2,
            0,
            4,
            2
          ],
          "texture": "#alert",
          "cullface": "up"
        },
        "south": {
          "uv": [
            2,
            0,
            4,
            2
          ],
          "texture": "#alert",
          "cullface": "up"
        },
        "west": {
          "uv": [
            2,
            0,
            4,
            2
          ],
          "texture": "#alert",
          "cullface": "up"
        },
        "up": {
          "uv": [
            2,
            0,
            4,
            2
          ],
          "texture": "#alert",
          "cullface": "up"
        },
        "down": {
          "uv": [
            2,
            0,
            4,
            2
          ],
          "texture": "#alert",
          "cullface": "up"
        }
      }
    },
    {
      "name": "alert",
      "from": [
        7,
        10,
        7
      ],
      "to": [
        9,
        15,
        9
      ],
      "shade": false,
      "rotation": {
        "angle": 0,
        "axis": "y",
        "origin": [
          15,
          27,
          15
        ]
      },
      "faces": {
        "north": {
          "uv": [
            0,
            0,
            2,
            5
          ],
          "texture": "#alert",
          "cullface": "up"
        },
        "east": {
          "uv": [
            0,
            0,
            2,
            5
          ],
          "texture": "#alert",
          "cullface": "up"
        },
        "south": {
          "uv": [
            0,
            0,
            2,
            5
          ],
          "texture": "#alert",
          "cullface": "up"
        },
        "west": {
          "uv": [
            0,
            0,
            2,
            5
          ],
          "texture": "#alert",
          "cullface": "up"
        },
        "up": {
          "uv": [
            2,
            0,
            4,
            2
          ],
          "texture": "#alert",
          "cullface": "up"
        },
        "down": {
          "uv": [
            2,
            0,
            4,
            2
          ],
          "texture": "#alert",
          "cullface": "up"
        }
      }
    },
    {
      "name": "alert",
      "from": [
        7,
        8.001,
        7
      ],
      "to": [
        9,
        10.001,
        9
      ],
      "shade": false,
      "rotation": {
        "angle": 0,
        "axis": "y",
        "origin": [
          15,
          24,
          15
        ]
      },
      "faces": {
        "north": {
          "uv": [
            6,
            0,
            8,
            2
          ],
          "texture": "#alert",
          "cullface": "up"
        },
        "east": {
          "uv": [
            6,
            0,
            8,
            2
          ],
          "texture": "#alert",
          "cullface": "up"
        },
        "south": {
          "uv": [
            6,
            0,
            8,
            2
          ],
          "texture": "#alert",
          "cullface": "up"
        },
        "west": {
          "uv": [
            6,
            0,
            8,
            2
          ],
          "texture": "#alert",
          "cullface": "up"
        },
        "up": {
          "uv": [
            6,
            0,
            8,
            2
          ],
          "texture": "#alert",
          "cullface": "up"
        },
        "down": {
          "uv": [
            6,
            0,
            8,
            2
          ],
          "texture": "#alert",
          "cullface": "up"
        }
      }
    },
    {
      "name": "alert",
      "from": [
        7,
        11,
        7
      ],
      "to": [
        9,
        16,
        9
      ],
      "shade": false,
      "rotation": {
        "angle": 0,
        "axis": "y",
        "origin": [
          15,
          28,
          15
        ]
      },
      "faces": {
        "north": {
          "uv": [
            4,
            0,
            6,
            5
          ],
          "texture": "#alert",
          "cullface": "up"
        },
        "east": {
          "uv": [
            4,
            0,
            6,
            5
          ],
          "texture": "#alert",
          "cullface": "up"
        },
        "south": {
          "uv": [
            4,
            0,
            6,
            5
          ],
          "texture": "#alert",
          "cullface": "up"
        },
        "west": {
          "uv": [
            4,
            0,
            6,
            5
          ],
          "texture": "#alert",
          "cullface": "up"
        },
        "up": {
          "uv": [
            6,
            0,
            8,
            2
          ],
          "texture": "#alert",
          "cullface": "up"
        },
        "down": {
          "uv": [
            6,
            0,
            8,
            2
          ],
          "texture": "#alert",
          "cullface": "up"
        }
      }
    }
  ]
}