{
  "credit": "Made with Blockbench",
  "textures": {
    "0": "tfc_metallum:item/ore/normal_bertrandite",
    "particle": "tfc_metallum:item/ore/normal_bertrandite",
    "alert": "tfc:block/alert_ore"
  },
  "elements": [
    {
      "from": [
        6,
        0,
        5
      ],
      "to": [
        8,
        1,
        10
      ],
      "faces": {
        "north": {
          "uv": [
            7,
            3,
            9,
            4
          ],
          "texture": "#0"
        },
        "east": {
          "uv": [
            6,
            11,
            11,
            12
          ],
          "texture": "#0"
        },
        "south": {
          "uv": [
            9,
            8,
            11,
            9
          ],
          "texture": "#0"
        },
        "west": {
          "uv": [
            7,
            7,
            12,
            8
          ],
          "texture": "#0"
        },
        "up": {
          "uv": [
            5,
            3,
            7,
            8
          ],
          "texture": "#0"
        },
        "down": {
          "uv": [
            10,
            7,
            12,
            12
          ],
          "texture": "#0"
        }
      }
    },
    {
      "from": [
        7,
        -0.01,
        8
      ],
      "to": [
        11,
        1.99,
        11
      ],
      "faces": {
        "north": {
          "uv": [
            4,
            4,
            8,
            6
          ],
          "texture": "#0"
        },
        "east": {
          "uv": [
            3,
            6,
            6,
            8
          ],
          "texture": "#0"
        },
        "south": {
          "uv": [
            7,
            10,
            11,
            12
          ],
          "texture": "#0"
        },
        "west": {
          "uv": [
            10,
            9,
            13,
            11
          ],
          "texture": "#0"
        },
        "up": {
          "uv": [
            7,
            7,
            11,
            10
          ],
          "texture": "#0"
        },
        "down": {
          "uv": [
            4,
            6,
            8,
            9
          ],
          "texture": "#0"
        }
      }
    },
    {
      "from": [
        10,
        0,
        5
      ],
      "to": [
        12,
        1,
        10
      ],
      "faces": {
        "north": {
          "uv": [
            6,
            4,
            8,
            5
          ],
          "texture": "#0"
        },
        "east": {
          "uv": [
            7,
            10,
            12,
            11
          ],
          "texture": "#0"
        },
        "south": {
          "uv": [
            5,
            3,
            7,
            4
          ],
          "texture": "#0"
        },
        "west": {
          "uv": [
            7,
            11,
            12,
            12
          ],
          "texture": "#0"
        },
        "up": {
          "uv": [
            9,
            4,
            11,
            9
          ],
          "texture": "#0"
        },
        "down": {
          "uv": [
            5,
            5,
            7,
            10
          ],
          "texture": "#0"
        }
      }
    },
    {
      "from": [
        12,
        0,
        6
      ],
      "to": [
        13,
        1,
        9
      ],
      "faces": {
        "north": {
          "uv": [
            9,
            4,
            10,
            5
          ],
          "texture": "#0"
        },
        "east": {
          "uv": [
            6,
            3,
            9,
            4
          ],
          "texture": "#0"
        },
        "south": {
          "uv": [
            3,
            7,
            4,
            8
          ],
          "texture": "#0"
        },
        "west": {
          "uv": [
            0,
            0,
            3,
            1
          ],
          "texture": "#0"
        },
        "up": {
          "uv": [
            11,
            9,
            12,
            12
          ],
          "texture": "#0"
        },
        "down": {
          "uv": [
            4,
            5,
            5,
            8
          ],
          "texture": "#0"
        }
      }
    },
    {
      "from": [
        9,
        0,
        6
      ],
      "to": [
        10,
        1,
        8
      ],
      "faces": {
        "north": {
          "uv": [
            3,
            6,
            4,
            7
          ],
          "texture": "#0"
        },
        "east": {
          "uv": [
            0,
            0,
            2,
            1
          ],
          "texture": "#0"
        },
        "south": {
          "uv": [
            0,
            0,
            1,
            1
          ],
          "texture": "#0"
        },
        "west": {
          "uv": [
            2,
            7,
            4,
            8
          ],
          "texture": "#0"
        },
        "up": {
          "uv": [
            8,
            5,
            9,
            7
          ],
          "texture": "#0"
        },
        "down": {
          "uv": [
            6,
            4,
            7,
            6
          ],
          "texture": "#0"
        }
      }
    },
    {
      "name": "alert",
      "from": [
        7,
        7,
        7
      ],
      "to": [
        9,
        9,
        9
      ],
      "shade": false,
      "rotation": {
        "angle": 0,
        "axis": "y",
        "origin": [
          15,
          23,
          15
        ]
      },
      "faces": {
        "north": {
          "uv": [
            2,
            0,
            4,
            2
          ],
          "texture": "#alert",
          "cullface": "up"
        },
        "east": {
          "uv": [
            2,
            0,
            4,
            2
          ],
          "texture": "#alert",
          "cullface": "up"
        },
        "south": {
          "uv": [
            2,
            0,
            4,
            2
          ],
          "texture": "#alert",
          "cullface": "up"
        },
        "west": {
          "uv": [
            2,
            0,
            4,
            2
          ],
          "texture": "#alert",
          "cullface": "up"
        },
        "up": {
          "uv": [
            2,
            0,
            4,
            2
          ],
          "texture": "#alert",
          "cullface": "up"
        },
        "down": {
          "uv": [
            2,
            0,
            4,
            2
          ],
          "texture": "#alert",
          "cullface": "up"
        }
      }
    },
    {
      "name": "alert",
      "from": [
        7,
        10,
        7
      ],
      "to": [
        9,
        15,
        9
      ],
      "shade": false,
      "rotation": {
        "angle": 0,
        "axis": "y",
        "origin": [
          15,
          27,
          15
        ]
      },
      "faces": {
        "north": {
          "uv": [
            0,
            0,
            2,
            5
          ],
          "texture": "#alert",
          "cullface": "up"
        },
        "east": {
          "uv": [
            0,
            0,
            2,
            5
          ],
          "texture": "#alert",
          "cullface": "up"
        },
        "south": {
          "uv": [
            0,
            0,
            2,
            5
          ],
          "texture": "#alert",
          "cullface": "up"
        },
        "west": {
          "uv": [
            0,
            0,
            2,
            5
          ],
          "texture": "#alert",
          "cullface": "up"
        },
        "up": {
          "uv": [
            2,
            0,
            4,
            2
          ],
          "texture": "#alert",
          "cullface": "up"
        },
        "down": {
          "uv": [
            2,
            0,
            4,
            2
          ],
          "texture": "#alert",
          "cullface": "up"
        }
      }
    },
    {
      "name": "alert",
      "from": [
        7,
        8.001,
        7
      ],
      "to": [
        9,
        10.001,
        9
      ],
      "shade": false,
      "rotation": {
        "angle": 0,
        "axis": "y",
        "origin": [
          15,
          24,
          15
        ]
      },
      "faces": {
        "north": {
          "uv": [
            6,
            0,
            8,
            2
          ],
          "texture": "#alert",
          "cullface": "up"
        },
        "east": {
          "uv": [
            6,
            0,
            8,
            2
          ],
          "texture": "#alert",
          "cullface": "up"
        },
        "south": {
          "uv": [
            6,
            0,
            8,
            2
          ],
          "texture": "#alert",
          "cullface": "up"
        },
        "west": {
          "uv": [
            6,
            0,
            8,
            2
          ],
          "texture": "#alert",
          "cullface": "up"
        },
        "up": {
          "uv": [
            6,
            0,
            8,
            2
          ],
          "texture": "#alert",
          "cullface": "up"
        },
        "down": {
          "uv": [
            6,
            0,
            8,
            2
          ],
          "texture": "#alert",
          "cullface": "up"
        }
      }
    },
    {
      "name": "alert",
      "from": [
        7,
        11,
        7
      ],
      "to": [
        9,
        16,
        9
      ],
      "shade": false,
      "rotation": {
        "angle": 0,
        "axis": "y",
        "origin": [
          15,
          28,
          15
        ]
      },
      "faces": {
        "north": {
          "uv": [
            4,
            0,
            6,
            5
          ],
          "texture": "#alert",
          "cullface": "up"
        },
        "east": {
          "uv": [
            4,
            0,
            6,
            5
          ],
          "texture": "#alert",
          "cullface": "up"
        },
        "south": {
          "uv": [
            4,
            0,
            6,
            5
          ],
          "texture": "#alert",
          "cullface": "up"
        },
        "west": {
          "uv": [
            4,
            0,
            6,
            5
          ],
          "texture": "#alert",
          "cullface": "up"
        },
        "up": {
          "uv": [
            6,
            0,
            8,
            2
          ],
          "texture": "#alert",
          "cullface": "up"
        },
        "down": {
          "uv": [
            6,
            0,
            8,
            2
          ],
          "texture": "#alert",
          "cullface": "up"
        }
      }
    }
  ]
}